{
	"credit": "Made with Blockbench",
	"texture_size": [32, 32],
	"textures": {
		"0": "./kryg"
	},
	"elements": [
		{
			"from": [13, 0, 3],
			"to": [16, 3, 13],
			"faces": {
				"north": {"uv": [0, 8, 1.5, 9.5], "texture": "#0"},
				"east": {"uv": [0, 0, 5, 1.5], "texture": "#0"},
				"south": {"uv": [1.5, 8, 3, 9.5], "texture": "#0"},
				"west": {"uv": [0, 1.5, 5, 3], "texture": "#0"},
				"up": {"uv": [1.5, 8, 0, 3], "texture": "#0"},
				"down": {"uv": [3, 3, 1.5, 8], "texture": "#0"}
			}
		},
		{
			"from": [0, 0, 3],
			"to": [3, 3, 13],
			"faces": {
				"north": {"uv": [0, 9.5, 1.5, 11], "texture": "#0"},
				"east": {"uv": [3, 3, 8, 4.5], "texture": "#0"},
				"south": {"uv": [1.5, 9.5, 3, 11], "texture": "#0"},
				"west": {"uv": [3, 4.5, 8, 6], "texture": "#0"},
				"up": {"uv": [4.5, 11, 3, 6], "texture": "#0"},
				"down": {"uv": [6, 6, 4.5, 11], "texture": "#0"}
			}
		},
		{
			"from": [3, 0, 0],
			"to": [13, 3, 3],
			"faces": {
				"north": {"uv": [5, 0, 10, 1.5], "texture": "#0"},
				"east": {"uv": [10, 1.5, 11.5, 3], "texture": "#0"},
				"south": {"uv": [5, 1.5, 10, 3], "texture": "#0"},
				"west": {"uv": [6, 10.5, 7.5, 12], "texture": "#0"},
				"up": {"uv": [11, 7.5, 6, 6], "texture": "#0"},
				"down": {"uv": [11, 7.5, 6, 9], "texture": "#0"}
			}
		},
		{
			"from": [3, 0, 13],
			"to": [13, 3, 16],
			"faces": {
				"north": {"uv": [8, 3, 13, 4.5], "texture": "#0"},
				"east": {"uv": [7.5, 10.5, 9, 12], "texture": "#0"},
				"south": {"uv": [8, 4.5, 13, 6], "texture": "#0"},
				"west": {"uv": [9, 10.5, 10.5, 12], "texture": "#0"},
				"up": {"uv": [11, 10.5, 6, 9], "texture": "#0"},
				"down": {"uv": [15, 0, 10, 1.5], "texture": "#0"}
			}
		},
		{
			"from": [13, 0, 13],
			"to": [15, 3, 15],
			"faces": {
				"north": {"uv": [10.5, 10.5, 11.5, 12], "texture": "#0"},
				"east": {"uv": [0, 11, 1, 12.5], "texture": "#0"},
				"south": {"uv": [1, 11, 2, 12.5], "texture": "#0"},
				"west": {"uv": [2, 11, 3, 12.5], "texture": "#0"},
				"up": {"uv": [9, 13, 8, 12], "texture": "#0"},
				"down": {"uv": [10, 12, 9, 13], "texture": "#0"}
			}
		},
		{
			"from": [13, 0, 1],
			"to": [15, 3, 3],
			"faces": {
				"north": {"uv": [3, 11, 4, 12.5], "texture": "#0"},
				"east": {"uv": [4, 11, 5, 12.5], "texture": "#0"},
				"south": {"uv": [5, 11, 6, 12.5], "texture": "#0"},
				"west": {"uv": [11, 6, 12, 7.5], "texture": "#0"},
				"up": {"uv": [13, 10, 12, 9], "texture": "#0"},
				"down": {"uv": [11, 12, 10, 13], "texture": "#0"}
			}
		},
		{
			"from": [1, 0, 1],
			"to": [3, 3, 3],
			"faces": {
				"north": {"uv": [11, 7.5, 12, 9], "texture": "#0"},
				"east": {"uv": [11, 9, 12, 10.5], "texture": "#0"},
				"south": {"uv": [11.5, 1.5, 12.5, 3], "texture": "#0"},
				"west": {"uv": [11.5, 10.5, 12.5, 12], "texture": "#0"},
				"up": {"uv": [12, 13, 11, 12], "texture": "#0"},
				"down": {"uv": [13, 12, 12, 13], "texture": "#0"}
			}
		},
		{
			"from": [3, 0, 3],
			"to": [4, 3, 4],
			"faces": {
				"north": {"uv": [3.5, 12.5, 4, 14], "texture": "#0"},
				"east": {"uv": [4, 12.5, 4.5, 14], "texture": "#0"},
				"south": {"uv": [4.5, 12.5, 5, 14], "texture": "#0"},
				"west": {"uv": [5, 12.5, 5.5, 14], "texture": "#0"},
				"up": {"uv": [9, 13.5, 8.5, 13], "texture": "#0"},
				"down": {"uv": [9.5, 13, 9, 13.5], "texture": "#0"}
			}
		},
		{
			"from": [12, 0, 3],
			"to": [13, 3, 4],
			"faces": {
				"north": {"uv": [5.5, 12.5, 6, 14], "texture": "#0"},
				"east": {"uv": [12.5, 10, 13, 11.5], "texture": "#0"},
				"south": {"uv": [13, 1.5, 13.5, 3], "texture": "#0"},
				"west": {"uv": [13, 3, 13.5, 4.5], "texture": "#0"},
				"up": {"uv": [13.5, 9.5, 13, 9], "texture": "#0"},
				"down": {"uv": [10, 13, 9.5, 13.5], "texture": "#0"}
			}
		},
		{
			"from": [12, 0, 12],
			"to": [13, 3, 13],
			"faces": {
				"north": {"uv": [12.5, 1.5, 13, 3], "texture": "#0"},
				"east": {"uv": [2, 12.5, 2.5, 14], "texture": "#0"},
				"south": {"uv": [2.5, 12.5, 3, 14], "texture": "#0"},
				"west": {"uv": [3, 12.5, 3.5, 14], "texture": "#0"},
				"up": {"uv": [12.5, 10.5, 12, 10], "texture": "#0"},
				"down": {"uv": [13, 11.5, 12.5, 12], "texture": "#0"}
			}
		},
		{
			"from": [3, 0, 12],
			"to": [4, 3, 13],
			"faces": {
				"north": {"uv": [13, 4.5, 13.5, 6], "texture": "#0"},
				"east": {"uv": [13, 6, 13.5, 7.5], "texture": "#0"},
				"south": {"uv": [13, 7.5, 13.5, 9], "texture": "#0"},
				"west": {"uv": [8, 13, 8.5, 14.5], "texture": "#0"},
				"up": {"uv": [13.5, 10, 13, 9.5], "texture": "#0"},
				"down": {"uv": [10.5, 13, 10, 13.5], "texture": "#0"}
			}
		},
		{
			"from": [1, 0, 13],
			"to": [3, 3, 15],
			"faces": {
				"north": {"uv": [6, 12, 7, 13.5], "texture": "#0"},
				"east": {"uv": [12, 6, 13, 7.5], "texture": "#0"},
				"south": {"uv": [7, 12, 8, 13.5], "texture": "#0"},
				"west": {"uv": [12, 7.5, 13, 9], "texture": "#0"},
				"up": {"uv": [1, 13.5, 0, 12.5], "texture": "#0"},
				"down": {"uv": [2, 12.5, 1, 13.5], "texture": "#0"}
			}
		}
	],
	"display": {
		"thirdperson_righthand": {
			"rotation": [-32.5, 0, 0],
			"translation": [0, 1.75, -0.75],
			"scale": [0.46, 0.46, 0.46]
		},
		"thirdperson_lefthand": {
			"rotation": [-22.92, -6.5, 90.89],
			"translation": [-6.5, -2.5, 6.5],
			"scale": [0.91, 0.91, 0.91]
		},
		"firstperson_righthand": {
			"rotation": [0, 0, 56.75],
			"translation": [0, 8.25, 1.25]
		},
		"firstperson_lefthand": {
			"rotation": [0, 0, 56],
			"translation": [1.75, 4.75, 1.5]
		},
		"ground": {
			"translation": [0, 4.25, 0]
		},
		"gui": {
			"rotation": [73.75, -27.46, 33.53],
			"translation": [-2.75, 3, 0],
			"scale": [0.9, 0.9, 0.9]
		},
		"head": {
			"translation": [0.25, 2.25, -0.5],
			"scale": [1.27, 1.27, 1.27]
		},
		"fixed": {
			"rotation": [-90, 0, 0],
			"translation": [0, 0, -7],
			"scale": [1.31, 1.31, 1.31]
		}
	}
}