{
    "providers": [
        {
            "type": "bitmap",
            "file": "minecraft:font/minecraft_title.png",
            "ascent": 40,
            "height": 100,
            "chars": [
                "\u00FE"
            ]
        },
        {
            "type": "bitmap",
            "file": "minecraft:font/black.png",
            "ascent": 70,
            "height": 500,
            "chars": [
                "\u01FE"
            ]
        },
        {
            "type": "bitmap",
            "file": "minecraft:item/pipyp14.png",
            "ascent": 10,
            "height": 14,
            "chars": [
                "\u02FE"
            ]
        }
    ]
}