{
	"parent": "minecraft:item/generated",
	"textures": {
		"layer0": "minecraft:item/snowball"
	},
	"overrides": [
		{ "predicate": { "custom_model_data": 1 }, "model": "minecraft:item/pipyp"},
		{ "predicate": { "custom_model_data": 2 }, "model": "minecraft:item/pipyp2"},
		{ "predicate": { "custom_model_data": 3 }, "model": "minecraft:item/pipyp3"},
		{ "predicate": { "custom_model_data": 4 }, "model": "minecraft:item/pipyp4"},
		{ "predicate": { "custom_model_data": 5 }, "model": "minecraft:item/pipyp5"},
		{ "predicate": { "custom_model_data": 6 }, "model": "minecraft:item/bank"},
		{ "predicate": { "custom_model_data": 7 }, "model": "minecraft:item/bank2"},
		{ "predicate": { "custom_model_data": 8 }, "model": "minecraft:item/bank3"},
		{ "predicate": { "custom_model_data": 9 }, "model": "minecraft:item/pipyp6"},
		{ "predicate": { "custom_model_data": 10 }, "model": "minecraft:item/pipyp7"},
		{ "predicate": { "custom_model_data": 11 }, "model": "minecraft:item/pipyp8"},
		{ "predicate": { "custom_model_data": 12 }, "model": "minecraft:item/pipyp9"},
		{ "predicate": { "custom_model_data": 13 }, "model": "minecraft:item/pipyp10"},
		{ "predicate": { "custom_model_data": 14 }, "model": "minecraft:item/pipyp11"},
		{ "predicate": { "custom_model_data": 15 }, "model": "minecraft:item/pipyp12"},
		{ "predicate": { "custom_model_data": 16 }, "model": "minecraft:item/pipyp13"},
		{ "predicate": { "custom_model_data": 17 }, "model": "minecraft:item/pipyp14"}
	]
}